<inputs_data>

  <!-- COMMANDS MUST BE CAPS -->
  
  <shortcut>
    <TYPE value = "DOWN"/>
    <name value ="Inventory"/>
    <command value ="I"/>
  </shortcut>

  <shortcut>
    <TYPE value = "DOWN"/>
    <name value ="Skill Tree"/>
    <command value ="S"/>
  </shortcut>

  <shortcut>
    <TYPE value = "DOWN"/>
    <name value ="Stats"/>
    <command value ="C"/>
  </shortcut>
  
  <shortcut>
    <TYPE value = "DOWN"/>
    <name value ="Map"/>
    <command value ="M"/>
  </shortcut>
  
  <shortcut>
    <TYPE value = "DOWN"/>
    <name value ="Potion 1"/>
    <command value ="1"/>
  </shortcut>
  
  <shortcut>
    <TYPE value = "DOWN"/>
    <name value ="Potion 2"/>
    <command value ="2"/>
  </shortcut>
  
  <shortcut>
    <TYPE value = "DOWN"/>
    <name value ="Potion 3"/>
    <command value ="3"/>
  </shortcut>
  
  <shortcut>
    <TYPE value = "DOWN"/>
    <name value ="Potion 4"/>
    <command value ="4"/>
  </shortcut>

</inputs_data>
